<application>
  <component name="CodeInsightSettings">
    <option name="selectAutopopupSuggestionsByChars" value="true" />
    <option name="SHOW_PARAMETER_NAME_HINTS_ON_COMPLETION" value="true" />
    <option name="PARAMETER_INFO_DELAY" value="200" />
    <option name="AUTO_POPUP_JAVADOC_INFO" value="true" />
    <option name="JAVADOC_INFO_DELAY" value="0" />
    <option name="SELECT_AUTOPOPUP_SUGGESTIONS_BY_CHARS" value="true" />
    <option name="SHOW_FULL_SIGNATURES_IN_PARAMETER_INFO" value="true" />
    <option name="ADD_UNAMBIGIOUS_IMPORTS_ON_THE_FLY" value="true" />
  </component>
  <component name="EditorSettings">
    <option name="languageBreadcrumbsMap">
      <map>
        <entry key="CFML" value="true" />
        <entry key="CSS" value="true" />
        <entry key="FTL" value="true" />
        <entry key="Groovy" value="true" />
        <entry key="HTML" value="true" />
        <entry key="Haml" value="true" />
        <entry key="JAVA" value="true" />
        <entry key="JSON" value="true" />
        <entry key="JSP" value="true" />
        <entry key="JSPX" value="true" />
        <entry key="JavaScript" value="true" />
        <entry key="LESS" value="true" />
        <entry key="SASS" value="true" />
        <entry key="SCSS" value="true" />
        <entry key="Stylus" value="true" />
        <entry key="TypeScript" value="true" />
        <entry key="VTL" value="true" />
        <entry key="XHTML" value="true" />
        <entry key="XML" value="true" />
        <entry key="kotlin" value="true" />
        <entry key="yaml" value="true" />
      </map>
    </option>
    <option name="USE_SOFT_WRAPS" value="" />
    <option name="IS_ENSURE_NEWLINE_AT_EOF" value="true" />
    <option name="SHOW_BREADCRUMBS_ABOVE" value="true" />
  </component>
</application>