<keymap version="1" name="macOS copy" parent="Mac OS X 10.5+">
  <action id="ChangesView.Move">
    <keyboard-shortcut first-keystroke="alt m" />
  </action>
  <action id="GotoAction">
    <keyboard-shortcut first-keystroke="alt a" />
  </action>
  <action id="Vcs.MoveChangedLinesToChangelist" />
  <action id="android.deploy.ApplyChanges">
    <keyboard-shortcut first-keystroke="ctrl meta r" />
  </action>
  <action id="android.deploy.CodeSwap">
    <keyboard-shortcut first-keystroke="shift ctrl meta r" />
  </action>
</keymap>